2014,Charbonnieres,Franck,Perin,Js,fperin1@cargocollective.com
2013,Villeurbanne,Ludwig,Meriott,Python,pmeriott5@yellowpages.com
2021,Villeurbanne,Theo,Hatto,PHP,hhatto6@simplemachines.org
2014,Villeurbanne,Yoann,Deakes,PHP,vdeakesa@sina.com.cn
2013,Villeurbanne,Mathieu,Lown,PHP,slownc@drupal.org
2019,Charbonnieres,Catherine,Giacovelli,Js,rgiacovellid@pen.io
2008,Charbonnieres,Corentin,Mc Faul,Js,mmcfaule@bloomberg.com
2017,Villeurbanne,Mia,Jiroutek,PHP,pjirouteki@instagram.com
2012,Villeurbanne,Michel,Munning,Python,gmunningj@weebly.com
2016,Charbonnieres,David,Daines,Java,gdainesk@meetup.com
2009,Villeurbanne,Catherine,Dougan,PHP,cdougann@wp.com
2021,Villeurbanne,Claude,Stirman,PHP,mstirmanp@blogs.com
2020,Charbonnieres,Lena,Loram,PHP,rlorams@mozilla.org
2021,Villeurbanne,Jade,Swaddle,Python,eswaddlet@jigsy.com
2016,Charbonnieres,Jean-loup,Langforth,Java,blangforthy@omniture.com
2019,Charbonnieres,Veronique,Sigge,Java,jsigge10@wsj.com
2013,Charbonnieres,Claude,Delacourt,PHP,jdelacourt14@google.ru
2019,Villeurbanne,Alois,Truelock,Java,mtruelock18@diigo.com
2017,Charbonnieres,Susy,Luc,PHP,bluc1a@freewebs.com
2009,Charbonnieres,Loic,Van Salzberger,Java,jvansalzberger1b@indiatimes.com
2019,Villeurbanne,Karim,Stollenberg,PHP,sstollenberg1c@newyorker.com
2008,Charbonnieres,Eric,Gowenlock,Java,jgowenlock1d@addtoany.com
2012,Charbonnieres,Mathieu,Tettersell,Python,stettersell1e@aol.com
2009,Villeurbanne,Yoann,Joist,Java,sjoist1f@zimbio.com
2021,Villeurbanne,Jade,Madgwich,Java,hmadgwich1g@reference.com
2021,Villeurbanne,Sara,Pahler,Python,dpahler1h@blogger.com
2011,Villeurbanne,Sara,Kolodziejski,Python,tkolodziejski1i@wikimedia.org
2019,Charbonnieres,Alexandre,Southcoat,PHP,bsouthcoat1n@purevolume.com
2019,Villeurbanne,Melodie,Youdell,Java,lyoudell1q@symantec.com
2010,Charbonnieres,Sara,De Bernardis,Java,wdebernardis1t@thetimes.co.uk
2010,Charbonnieres,Franck,Pottes,Js,spottes1v@addthis.com
2021,Charbonnieres,Eric,De Wolfe,Java,adewolfe1w@youtube.com
2021,Charbonnieres,Susy,Instock,PHP,rinstock1y@miitbeian.gov.cn
2011,Villeurbanne,Franck,Gorriessen,PHP,fgorriessen23@wunderground.com
2019,Villeurbanne,Jade,Frondt,Python,nfrondt25@gravatar.com
2010,Charbonnieres,Juliette,Sibbet,Java,esibbet26@gizmodo.com
2012,Charbonnieres,Mia,Fandrey,Java,afandrey29@spotify.com
2008,Villeurbanne,Ludwig,Davenhall,Java,kdavenhall2a@mapquest.com
2014,Charbonnieres,Michel,Cornelleau,Java,gcornelleau2e@surveymonkey.com
2020,Villeurbanne,Mia,Rigby,Java,origby2f@sun.com
2021,Charbonnieres,Adrien,Dack,Java,cdack2g@google.com.au
2014,Charbonnieres,Dorsun,Tapley,Python,btapley2i@theglobeandmail.com
2021,Villeurbanne,Kais,Pyle,Python,jpyle2l@mail.ru
2020,Charbonnieres,Ali,Ohm,Js,rohm2m@apache.org
2008,Charbonnieres,Adam,Ginity,PHP,cginity2n@blogspot.com
2021,Charbonnieres,Dorsun,Ragles,PHP,rragles2o@ebay.com
2012,Charbonnieres,Kinglsey,Grundy,Python,agrundy2r@simplemachines.org
2011,Villeurbanne,Mathieu,Migheli,Js,lmigheli2u@businessweek.com
2009,Charbonnieres,Anna,Lockney,Java,klockney2w@mysql.com
2010,Villeurbanne,Lena,Parsley,Java,hparsley2y@example.com
2017,Villeurbanne,Philippe,Sanbroke,Java,tsanbroke2z@slashdot.org
2017,Charbonnieres,Karim,Berkeley,Java,lberkeley30@bbb.org
2013,Charbonnieres,Nicolas,Mapham,Java,tmapham35@ezinearticles.com
2008,Charbonnieres,Adam,Henaughan,Python,shenaughan37@seesaa.net
2009,Charbonnieres,Jade,Skeldinge,PHP,eskeldinge39@disqus.com
2014,Charbonnieres,Aurelien,Tomson,PHP,btomson3a@mozilla.com
2021,Charbonnieres,Lena,Farish,PHP,efarish3d@hhs.gov
2018,Charbonnieres,Veronique,Morrel,Python,dmorrel3e@soundcloud.com
2016,Villeurbanne,Ali,Folland,Python,mfolland3g@twitpic.com
2015,Charbonnieres,Michel,Moran,PHP,amoran3h@posterous.com
2018,Villeurbanne,Bilel,Burgwin,Python,mburgwin3i@tmall.com
2014,Villeurbanne,Jennifer,Elders,PHP,lelders3k@slate.com
2017,Villeurbanne,Susy,Di Giorgio,Python,rdigiorgio3r@bbc.co.uk
2010,Villeurbanne,Sara,Keddie,Java,kkeddie3t@hexun.com
2019,Charbonnieres,Catherine,Gantz,Java,bgantz3u@example.com
2014,Charbonnieres,Susy,Sargant,Java,lsargant3w@furl.net
2019,Villeurbanne,Juliette,Rozec,Java,mrozec3z@reverbnation.com
2015,Charbonnieres,Mia,Woodwing,Js,swoodwing41@sitemeter.com
2016,Charbonnieres,Alexandre,Adriano,PHP,nadriano49@flavors.me
2021,Villeurbanne,Sara,Sinkings,Python,ksinkings4a@tripadvisor.com
2012,Villeurbanne,Iliana,Le Noir,Java,slenoir4g@etsy.com
2013,Charbonnieres,Cedric,Huckstepp,Java,mhuckstepp4h@chicagotribune.com
2017,Charbonnieres,Adrien,Oldroyde,PHP,foldroyde4i@trellian.com
2017,Villeurbanne,Philippe,Wasmer,PHP,bwasmer4j@google.ca
2012,Charbonnieres,Aurelien,Stovell,Js,dstovell4k@wunderground.com
2018,Charbonnieres,Alois,Bartak,Java,hbartak4n@trellian.com
2017,Villeurbanne,Bilel,Hearley,PHP,mhearley4p@purevolume.com
2011,Villeurbanne,Nicolas,Santon,Python,hsanton4t@prlog.org
2015,Villeurbanne,Tony,Geoghegan,Python,egeoghegan4u@time.com
2019,Villeurbanne,Michel,Juster,PHP,wjuster4v@photobucket.com
2016,Charbonnieres,Melodie,Rebeiro,Js,rrebeiro4y@example.com
2020,Villeurbanne,Eric,Maylott,Python,hmaylott56@redcross.org
2012,Charbonnieres,Mia,Meers,Python,pmeers57@latimes.com
2010,Villeurbanne,Yoann,Horburgh,Js,chorburgh59@webnode.com
2012,Villeurbanne,Matteo,Lace,Js,hlace5c@bloglines.com
2008,Charbonnieres,Karim,Albisser,PHP,ralbisser5g@noaa.gov
2011,Charbonnieres,Loic,Brangan,Java,hbrangan5i@theguardian.com
2021,Villeurbanne,Mathieu,Kinglake,Python,zkinglake5k@devhub.com
2012,Charbonnieres,Lena,Smeall,PHP,asmeall5l@163.com
2020,Villeurbanne,Karim,Zimmerman,Java,czimmerman5q@aol.com
2016,Charbonnieres,Dorsun,Burndred,Java,cburndred5t@skyrock.com
2013,Villeurbanne,Mia,Petranek,Python,mpetranek5z@narod.ru
2012,Charbonnieres,Sara,Ghelerdini,PHP,cghelerdini62@cnn.com
2013,Villeurbanne,Alice,Dupree,Java,gdupree66@devhub.com
2008,Villeurbanne,Amanda,Straw,Java,lstraw67@amazon.co.jp
2011,Villeurbanne,Jennifer,Von Brook,Python,tvonbrook69@samsung.com
2011,Villeurbanne,Iliana,Chafer,PHP,schafer6f@tinyurl.com
2017,Charbonnieres,Ludwig,Elcombe,Python,melcombe6h@foxnews.com
2013,Villeurbanne,Melodie,Normanvell,Js,tnormanvell6j@sbwire.com
2012,Charbonnieres,Jean-loup,Cron,Python,hcron6q@pbs.org
2008,Villeurbanne,Kais,Mueller,Python,wmueller6u@yandex.ru
2009,Villeurbanne,Juliette,Aim,Js,caim6v@phpbb.com
2015,Villeurbanne,Iliana,Qusklay,PHP,tqusklay6z@cam.ac.uk
2017,Charbonnieres,Juliette,Roderighi,Python,iroderighi70@springer.com
2019,Villeurbanne,Lena,Howman,PHP,dhowman74@discovery.com
2019,Charbonnieres,Alice,Teather,Java,mteather75@europa.eu
2009,Charbonnieres,Dorsun,Beavan,Js,abeavan76@flickr.com
2010,Charbonnieres,Juliette,Agdahl,Js,aagdahl7d@360.cn
2014,Charbonnieres,Anna,Kanzler,Python,gkanzler7f@is.gd
2012,Charbonnieres,Eric,Petrulis,Js,ypetrulis7h@google.co.uk
2016,Villeurbanne,Alice,Derham,Python,fderham7j@merriam-webster.com
2011,Villeurbanne,Ali,Imbrey,PHP,limbrey7k@boston.com
2021,Charbonnieres,Eric,Pywell,Python,mpywell7l@discovery.com
2015,Charbonnieres,Alice,Locarno,Js,vlocarno7n@latimes.com
2018,Charbonnieres,Loic,Gilbert,Js,cgilbert7p@stanford.edu
2016,Villeurbanne,Susy,Delgadillo,Js,bdelgadillo7s@eventbrite.com
2008,Charbonnieres,Alexandre,O'Doherty,PHP,codoherty7t@a8.net
2012,Charbonnieres,Jean-loup,Spinella,Python,kspinella7v@free.fr
2010,Charbonnieres,Adrien,Locke,Java,glocke7z@marketwatch.com
2014,Villeurbanne,Jean-loup,Boughton,Python,eboughton80@mit.edu
2020,Villeurbanne,Alice,Anders,Java,danders82@mozilla.com
2008,Charbonnieres,Juliette,Ditchburn,PHP,fditchburn87@indiatimes.com
2011,Charbonnieres,Michel,Furniss,Js,tfurniss88@tinyurl.com
2018,Villeurbanne,Dorsun,Burgane,Python,mburgane8a@flavors.me
2014,Villeurbanne,Juliette,MacNally,PHP,fmacnally8b@mayoclinic.com
2017,Villeurbanne,Franck,Birkbeck,Python,tbirkbeck8d@disqus.com
2018,Charbonnieres,Loic,Cariss,Python,ccariss8h@patch.com
2016,Charbonnieres,Bilel,Maraga,PHP,smaraga8i@yolasite.com
2018,Villeurbanne,Jade,Ragsdall,Js,cragsdall8k@washingtonpost.com
2009,Charbonnieres,Iliana,Thring,PHP,mthring8o@columbia.edu
2017,Villeurbanne,Eric,Plessing,Python,cplessing8s@google.co.uk
2013,Villeurbanne,Jean-loup,Deary,Js,adeary8v@typepad.com
2011,Villeurbanne,Jade,Sickling,Js,gsickling92@cbc.ca
2016,Charbonnieres,Kais,Bolsteridge,Js,sbolsteridge93@imgur.com
2015,Villeurbanne,Jean-loup,Paddie,Js,tpaddie94@quantcast.com
2009,Charbonnieres,Theo,Shubotham,Python,lshubotham95@gov.uk
2015,Charbonnieres,Nicolas,Rudsdale,Python,arudsdale96@webeden.co.uk
2012,Charbonnieres,Catherine,Leipold,Js,rleipold98@forbes.com
2017,Villeurbanne,Bilel,Thornton,Js,ethornton99@usgs.gov
2015,Villeurbanne,Alice,Truin,Python,ltruin9a@ca.gov
2009,Villeurbanne,Jennifer,Emmet,Js,nemmet9c@mozilla.org
2015,Villeurbanne,Kais,Rooksby,Python,brooksby9f@phpbb.com
2009,Charbonnieres,Dorsun,de Mullett,Python,edemullett9h@patch.com
2016,Charbonnieres,Ali,Bellefant,Js,mbellefant9i@fastcompany.com
2013,Villeurbanne,Loic,Frowing,Js,rfrowing9l@yellowpages.com
2020,Charbonnieres,Melodie,Parram,Python,gparram9o@nifty.com
2012,Villeurbanne,Ali,Thow,Java,hthow9q@edublogs.org
2011,Charbonnieres,Kinglsey,Wakelin,Java,cwakelin9r@globo.com
2021,Villeurbanne,Philippe,Rushsorth,PHP,rrushsorth9u@bandcamp.com
2018,Charbonnieres,Alois,Mion,Js,zmion9v@dell.com
2017,Villeurbanne,Dorsun,Jerram,PHP,tjerram9x@ihg.com
2010,Villeurbanne,Karim,Woodus,Js,wwoodus9z@bbb.org
2014,Villeurbanne,Ali,Caustick,Python,ecausticka3@zdnet.com
2012,Villeurbanne,Susy,Verney,Python,cverneya5@dyndns.org
2011,Villeurbanne,Lena,Fitt,Js,cfitta7@illinois.edu
2017,Villeurbanne,Alice,Brentnall,Js,jbrentnalla9@alexa.com
2009,Charbonnieres,Jade,Lindenboim,PHP,nlindenboimaa@reuters.com
2014,Villeurbanne,Catherine,Rydeard,Java,prydeardac@so-net.ne.jp
2014,Villeurbanne,Michel,Sweetsur,Python,lsweetsurae@parallels.com
2019,Charbonnieres,Alexandre,Riggeard,Java,sriggeardag@usa.gov
2016,Charbonnieres,Dorsun,MacColm,Java,amaccolmah@prlog.org
2011,Villeurbanne,Loic,Nunns,Python,lnunnsak@imageshack.us
2018,Charbonnieres,Kais,Jerzyk,PHP,ajerzykan@google.it
2014,Villeurbanne,Jade,Tennewell,PHP,rtennewellap@engadget.com
2011,Villeurbanne,Juliette,Wiburn,PHP,nwiburnar@gravatar.com
2021,Charbonnieres,Alice,O'Corhane,PHP,focorhaneat@seesaa.net
2016,Villeurbanne,Sara,Sivill,Java,jsivillav@dropbox.com
2013,Villeurbanne,Eric,Redit,Python,sreditb0@mlb.com
2014,Charbonnieres,Jennifer,Elgram,PHP,relgramb1@blogspot.com
2019,Charbonnieres,Tony,Edds,Js,aeddsb2@netvibes.com
2015,Charbonnieres,Corentin,Joan,Java,ajoanb4@scientificamerican.com
2016,Charbonnieres,Bilel,Nunn,Python,gnunnb7@1688.com
2013,Charbonnieres,Alois,Filan,Java,gfilanb8@devhub.com
2009,Villeurbanne,Franck,Chastel,PHP,mchastelba@booking.com
2008,Charbonnieres,Jean-loup,Howlin,Java,uhowlinbe@smh.com.au
2012,Villeurbanne,Lena,Lagne,PHP,slagnebj@behance.net
2019,Villeurbanne,Cedric,Mackie,PHP,fmackiebn@booking.com
2018,Villeurbanne,Amanda,Himpson,Js,fhimpsonbo@mediafire.com
2013,Charbonnieres,Juliette,Loyd,Python,mloydbp@liveinternet.ru
2014,Villeurbanne,Iliana,Daley,Java,rdaleybw@privacy.gov.au
2016,Charbonnieres,Adrien,Lattin,Python,jlattinby@about.me
2010,Villeurbanne,Lena,Wadly,Java,hwadlyc0@ox.ac.uk
2018,Villeurbanne,Adrien,How,Python,rhowc3@wikipedia.org
2008,Charbonnieres,Theo,Cranney,Java,lcranneyc4@cdc.gov
2008,Villeurbanne,Jennifer,Haith,Java,uhaithc6@squidoo.com
2020,Charbonnieres,Sara,Sibson,Js,msibsonca@shop-pro.jp
2021,Charbonnieres,Philippe,Stickings,PHP,bstickingscc@home.pl
2018,Villeurbanne,Jennifer,Geertje,Js,pgeertjecd@alibaba.com
2017,Charbonnieres,Amanda,Crommett,PHP,ncrommettcg@so-net.ne.jp
2013,Charbonnieres,Loic,Elgie,Js,zelgiecs@state.tx.us
2013,Villeurbanne,Iliana,Tomkins,Js,stomkinscw@networksolutions.com
2011,Charbonnieres,Adrien,Le Provost,PHP,nleprovostcy@msn.com
2009,Villeurbanne,Fazul,Bratten,Java,pbrattencz@newsvine.com
2011,Villeurbanne,Mathieu,Caesar,Java,kcaesard0@ucoz.ru
2021,Charbonnieres,Fazul,Harley,Js,eharleyd1@mediafire.com
2018,Charbonnieres,Melodie,Timperley,Java,ktimperleyd3@acquirethisname.com
2020,Villeurbanne,Matteo,Ortner,Java,rortnerd4@examiner.com
2014,Charbonnieres,Jennifer,Sapir,Java,csapird6@msn.com
2013,Villeurbanne,Jade,Ponsford,Js,rponsfordd7@etsy.com
2009,Villeurbanne,Aurelien,Mughal,Python,tmughald8@myspace.com
2018,Charbonnieres,Ali,Aleksashin,Java,kaleksashind9@kickstarter.com
2020,Charbonnieres,Lena,Clewarth,Js,gclewarthda@feedburner.com
2012,Villeurbanne,David,De la Yglesias,Python,pdelayglesiasde@weebly.com
2009,Villeurbanne,Corentin,Tuffrey,Java,htuffreydg@apple.com
2009,Charbonnieres,Loic,Swinburn,Js,cswinburndj@dell.com
2009,Villeurbanne,Adam,Ebi,PHP,vebidn@github.io
2020,Charbonnieres,Claude,Zumbusch,Java,czumbuschdp@bloomberg.com
2012,Villeurbanne,Kais,Drowsfield,Js,tdrowsfielddq@quantcast.com
2016,Charbonnieres,Alice,Brumfitt,Python,gbrumfittdu@nps.gov
2012,Villeurbanne,Nicolas,Denham,Python,gdenhamdv@cmu.edu
2019,Villeurbanne,Alois,Slocket,Python,aslockete0@xinhuanet.com
2012,Charbonnieres,Lena,Kynson,Python,ekynsone5@ed.gov
2013,Charbonnieres,Susy,O'Logan,Python,kologane9@dion.ne.jp
2008,Charbonnieres,Lena,Gipps,Java,dgippsed@i2i.jp
2010,Charbonnieres,Alexandre,McCorkell,PHP,bmccorkellee@virginia.edu
2019,Villeurbanne,Anna,Clements,PHP,tclementseg@bbb.org
2013,Charbonnieres,Sara,Jeaves,PHP,fjeavesej@1688.com
2017,Villeurbanne,Catherine,Jaxon,PHP,pjaxonel@mapy.cz
2012,Villeurbanne,Jade,Bessent,Java,fbessentem@ihg.com
2018,Villeurbanne,Melodie,Cottel,Python,acottelen@cafepress.com
2009,Villeurbanne,Eric,Vanderplas,Js,cvanderplaseq@google.de
2013,Villeurbanne,Fazul,Holtum,Python,kholtumes@lycos.com
2011,Charbonnieres,Eric,Polo,Js,cpoloet@ca.gov
2010,Villeurbanne,Philippe,MacCallion,Python,mmaccallionev@engadget.com
2014,Villeurbanne,Amanda,Winfindine,Js,mwinfindineew@cam.ac.uk
2021,Villeurbanne,Catherine,Leverson,PHP,jleversonex@de.vu
2009,Charbonnieres,Mathieu,Aujouanet,Python,raujouanetez@washingtonpost.com
2011,Charbonnieres,Anna,Youngs,Java,ayoungsf3@about.me
2017,Charbonnieres,Jean-loup,Wickins,Python,swickinsf4@intel.com
2009,Charbonnieres,Claude,Kite,Java,lkitef7@sogou.com
2012,Villeurbanne,Karim,Pentony,Js,cpentonyf8@theglobeandmail.com
2010,Villeurbanne,Aurelien,Gianetti,Js,lgianettifb@4shared.com
2011,Villeurbanne,Claude,Probbings,Js,zprobbingsfd@4shared.com
2021,Villeurbanne,David,Gonoude,Python,lgonoudefg@europa.eu
2020,Charbonnieres,Iliana,Keelan,Java,akeelanfi@dmoz.org
2021,Villeurbanne,Susy,Agglio,PHP,gaggliofl@sun.com
2008,Villeurbanne,Jennifer,Frankowski,PHP,kfrankowskifo@phpbb.com
2014,Charbonnieres,Corentin,Deal,Java,pdealfp@wp.com
2009,Charbonnieres,David,Gerardin,Python,sgerardinfu@thetimes.co.uk
2017,Charbonnieres,Tony,Ivers,PHP,oiversfv@trellian.com
2010,Villeurbanne,Nicolas,Escala,PHP,gescalafx@patch.com
2012,Charbonnieres,Jean-loup,Blasgen,PHP,gblasgenfy@simplemachines.org
2015,Villeurbanne,Adrien,Chritchley,Java,cchritchleyg1@cnn.com
2017,Charbonnieres,Maude,Bucher,Js,lbucherg2@mit.edu
2017,Charbonnieres,Cedric,Royall,Python,croyallg8@columbia.edu
2017,Villeurbanne,Karim,Soot,PHP,nsootga@livejournal.com
2008,Charbonnieres,Susy,Insoll,Python,pinsollgc@pen.io
2015,Villeurbanne,Alexandre,Wrench,PHP,mwrenchgg@fda.gov
2011,Villeurbanne,Loic,Pylkynyton,Python,dpylkynytongh@nhs.uk
2011,Villeurbanne,Jennifer,Dohms,PHP,cdohmsgk@bing.com
2021,Charbonnieres,Ludwig,Sommerled,PHP,tsommerledgl@usa.gov
2020,Villeurbanne,Matteo,Biddles,PHP,mbiddlesgm@nih.gov
2014,Charbonnieres,Corentin,Hackley,Java,mhackleygp@techcrunch.com
2008,Villeurbanne,Anna,Reape,Js,nreapegs@prweb.com
2008,Charbonnieres,Fazul,Raxworthy,PHP,araxworthygt@go.com
2013,Charbonnieres,Kinglsey,Ingledew,Java,tingledewh1@canalblog.com
2009,Villeurbanne,Philippe,Colthard,PHP,wcolthardh3@sogou.com
2019,Villeurbanne,Alice,Heed,Java,mheedh4@wiley.com
2015,Villeurbanne,Jennifer,Warre,PHP,nwarreha@vistaprint.com
2010,Villeurbanne,Cedric,Basketter,Python,tbasketterhb@foxnews.com
2014,Villeurbanne,Michel,Leggen,Js,dleggenhf@cbsnews.com
2018,Charbonnieres,Michel,McDonald,Java,lmcdonaldhh@mlb.com
2017,Villeurbanne,Alois,Rickford,Python,krickfordhj@instagram.com
2008,Villeurbanne,Claude,Sloyan,Js,rsloyanhn@livejournal.com
2011,Villeurbanne,Ludwig,Thurby,PHP,athurbyho@histats.com
2015,Villeurbanne,Alexandre,Tubbles,Java,dtubbleshu@moonfruit.com
2017,Charbonnieres,Nicolas,Leger,Python,clegerhv@bluehost.com
2008,Charbonnieres,Kais,Goldman,Java,ggoldmanhx@is.gd
2016,Charbonnieres,Dorsun,Robers,Java,brobersi1@earthlink.net
2018,Charbonnieres,Nicolas,Dmych,Python,hdmychi6@t.co
2012,Charbonnieres,Juliette,Linsley,Python,slinsleyia@dyndns.org
2008,Charbonnieres,Dorsun,Ambrosoni,PHP,kambrosoniid@github.io
2018,Villeurbanne,Veronique,Norman,PHP,lnormanik@geocities.com
2013,Villeurbanne,Kais,Summerson,Java,bsummersonim@opensource.org
2008,Charbonnieres,Nicolas,Slite,Python,msliteio@icq.com
2008,Villeurbanne,Susy,Megson,Java,gmegsonip@shinystat.com
2009,Villeurbanne,Veronique,Curnucke,Python,pcurnuckeiq@theglobeandmail.com
2010,Charbonnieres,Cedric,Burling,Python,kburlingis@slate.com
2008,Villeurbanne,Adam,Fawson,Js,bfawsoniu@state.tx.us
2016,Charbonnieres,Juliette,Hurdle,Java,ahurdleiv@narod.ru
2017,Charbonnieres,Catherine,Mulvenna,Java,jmulvennaiw@techcrunch.com
2016,Villeurbanne,Corentin,Rickeard,Python,srickeardiy@sakura.ne.jp
2012,Charbonnieres,Fazul,Guisby,Python,aguisbyiz@eventbrite.com
2015,Charbonnieres,Jade,Graine,Js,bgrainej2@yolasite.com
2013,Villeurbanne,Theo,Cheeke,Java,acheekej3@digg.com
2010,Charbonnieres,Catherine,McFetridge,Js,lmcfetridgej7@prlog.org
2016,Charbonnieres,Lena,MacKinnon,Js,kmackinnonjb@topsy.com
2016,Charbonnieres,Cedric,Haverty,Js,khavertyje@facebook.com
2008,Villeurbanne,Jennifer,Coope,Js,lcoopejj@theatlantic.com
2011,Charbonnieres,Sara,Hearty,PHP,vheartyjm@sakura.ne.jp
2016,Charbonnieres,Amanda,Kinnach,Js,bkinnachjs@upenn.edu
2011,Charbonnieres,Anna,Witnall,Java,cwitnallju@ibm.com
2021,Villeurbanne,Loic,Tallman,PHP,rtallmanjv@quantcast.com
2014,Charbonnieres,Michel,Siney,Python,gsineyjw@irs.gov
2010,Charbonnieres,Philippe,Capps,PHP,kcappsjx@macromedia.com
2015,Charbonnieres,Alexandre,Sweed,Python,fsweedjz@scribd.com
2017,Charbonnieres,Eric,Gorler,PHP,jgorlerk1@kickstarter.com
2020,Villeurbanne,Claude,Wesgate,Js,pwesgatek3@psu.edu
2018,Charbonnieres,Alice,MacAvaddy,Js,tmacavaddyk7@gravatar.com
2021,Villeurbanne,Catherine,Bullough,Python,lbulloughka@cbc.ca
2012,Charbonnieres,Jean-loup,Tolomelli,Python,btolomellikb@oracle.com
2017,Charbonnieres,Jean-loup,Borsnall,Python,eborsnallkc@blinklist.com
2019,Villeurbanne,Lucas,Dunge,Js,mdungekd@hibu.com
2010,Villeurbanne,Yoann,Simakov,Java,bsimakovkg@discovery.com
2017,Charbonnieres,Tony,Cowp,Js,jcowpkh@soup.io
2010,Charbonnieres,Alexandre,Sarsfield,Js,bsarsfieldki@dailymail.co.uk
2015,Villeurbanne,Mia,Langstrath,Js,slangstrathkk@china.com.cn
2011,Villeurbanne,Alois,Decourcy,Java,jdecourcyko@ycombinator.com
2017,Villeurbanne,Cedric,Syddon,Js,csyddonkq@acquirethisname.com
2017,Charbonnieres,Susy,Somerscales,Js,tsomerscalesks@senate.gov
2010,Charbonnieres,Kinglsey,Bolletti,Java,ibollettikt@usatoday.com
2019,Villeurbanne,Kinglsey,Paulack,Java,vpaulackku@behance.net
2012,Villeurbanne,Tony,McKintosh,Python,emckintoshkw@bizjournals.com
2010,Charbonnieres,Alexandre,Corstan,Js,mcorstanky@statcounter.com
2013,Charbonnieres,Juliette,Bacup,PHP,abacupl0@businesswire.com
2013,Villeurbanne,Mia,Hryncewicz,Python,dhryncewiczl1@addtoany.com
2013,Villeurbanne,Jean-loup,Degli Antoni,Python,ndegliantonil2@bigcartel.com
2014,Villeurbanne,Kais,Pieper,Js,mpieperl3@goodreads.com
2017,Charbonnieres,Alois,Strivens,Js,sstrivensl8@omniture.com
2008,Charbonnieres,Mathieu,Million,Java,bmillionl9@amazon.co.uk
2013,Charbonnieres,David,Cotter,Js,dcotterld@squidoo.com
2011,Villeurbanne,Bilel,Stokoe,PHP,astokoelf@techcrunch.com
2021,Charbonnieres,Eric,Edwicke,Python,sedwickeli@altervista.org
2019,Villeurbanne,Iliana,Gwynn,PHP,cgwynnlj@cmu.edu
2017,Villeurbanne,Alexandre,Ravel,Js,travellq@bluehost.com
2014,Villeurbanne,Amanda,Borrie,PHP,iborriels@businessweek.com
2015,Charbonnieres,Jade,Garie,PHP,sgarielv@sourceforge.net
2015,Villeurbanne,Maude,Mylchreest,Python,bmylchreestlw@issuu.com
2015,Charbonnieres,Claude,Devitt,Js,edevittlz@liveinternet.ru
2020,Villeurbanne,Michel,Pinock,Java,ppinockm1@gmpg.org
2019,Charbonnieres,Melodie,Conerding,Java,iconerdingm2@goodreads.com
2011,Charbonnieres,Alois,Olsson,Js,molssonm5@ask.com
2020,Charbonnieres,Adam,Fairall,PHP,ffairallm7@walmart.com
2013,Villeurbanne,Lucas,Steen,Java,bsteenm9@craigslist.org
2019,Villeurbanne,Karim,Joly,Js,gjolymd@theguardian.com
2012,Charbonnieres,Lena,Frood,Python,bfroodmg@archive.org
2014,Villeurbanne,Fazul,Jakoub,Python,cjakoubmh@smugmug.com
2008,Charbonnieres,Jade,Blanchard,Python,mblanchardmn@aboutads.info
2012,Villeurbanne,Alois,Brusle,Js,dbruslemq@msn.com
2013,Villeurbanne,Adam,Fermin,Java,lferminmr@altervista.org
2013,Charbonnieres,Ali,Alen,Python,salenmt@ycombinator.com
2016,Charbonnieres,David,Willbourne,PHP,cwillbournemu@1688.com
2017,Charbonnieres,Claude,Cherm,Js,rchermmv@flickr.com
2014,Charbonnieres,Jean-loup,Lebreton,Java,plebretonmz@shareasale.com
2014,Charbonnieres,Corentin,Nolli,Java,pnollin1@bluehost.com
2020,Charbonnieres,Adam,Fortesquieu,PHP,tfortesquieun2@webs.com
2011,Villeurbanne,Yoann,Pichmann,Js,ipichmannn3@altervista.org
2021,Charbonnieres,Maude,Paolicchi,Java,tpaolicchin8@people.com.cn
2008,Charbonnieres,Alexandre,Marflitt,Python,pmarflittn9@yellowbook.com
2008,Villeurbanne,Aurelien,Pratten,PHP,aprattenna@tuttocitta.it
2018,Charbonnieres,Eric,Gerrelts,Python,cgerreltsnb@ucoz.com
2018,Villeurbanne,Aurelien,McLevie,Js,emclevienc@myspace.com
2018,Villeurbanne,Mathieu,Voas,Java,kvoasng@de.vu
2018,Villeurbanne,Claude,Faircliff,Python,lfaircliffnu@globo.com
2009,Charbonnieres,Ali,Newham,Python,knewhamnw@yolasite.com
2010,Charbonnieres,Bilel,Holtum,Java,aholtumny@ehow.com
2015,Charbonnieres,Dorsun,Fredson,Js,tfredsonnz@macromedia.com
2021,Charbonnieres,Mia,Craufurd,Java,dcraufurdo0@ed.gov
2009,Charbonnieres,Kais,Pratt,PHP,dpratto1@gizmodo.com
2010,Charbonnieres,Adrien,Corbet,Python,bcorbeto4@cbsnews.com
2016,Charbonnieres,Tony,Sinnett,Java,usinnetto6@un.org
2015,Charbonnieres,Veronique,Lillistone,Python,glillistoneob@irs.gov
2021,Charbonnieres,Juliette,Cain,PHP,rcainoc@reddit.com
2017,Charbonnieres,Jean-loup,Turrell,Java,mturrellod@ovh.net
2021,Charbonnieres,David,Brosio,Python,lbrosioog@google.co.uk
2013,Villeurbanne,Tony,Aldham,Js,caldhamoi@un.org
2021,Charbonnieres,Alexandre,Leon,Js,fleonom@vinaora.com
2016,Villeurbanne,Alice,Ghidotti,Js,tghidottion@vkontakte.ru
2018,Charbonnieres,Alois,Bezemer,PHP,dbezemeror@amazon.de
2015,Villeurbanne,Jade,Jacquet,Js,cjacquetos@creativecommons.org
2019,Charbonnieres,Adam,Dorre,Js,sdorreox@disqus.com
2020,Villeurbanne,Fazul,Jenken,PHP,jjenkenoz@squidoo.com
2012,Villeurbanne,Kais,Fulloway,Python,mfullowayp0@nbcnews.com
2021,Charbonnieres,Karim,Gravener,PHP,bgravenerp7@quantcast.com
2014,Villeurbanne,Alexandre,Jermey,Python,rjermeyp8@umn.edu
2013,Charbonnieres,Jean-loup,Fibbit,PHP,lfibbitp9@comsenz.com
2019,Charbonnieres,Adam,Craw,Python,kcrawpa@salon.com
2012,Villeurbanne,Matteo,Klugman,Js,bklugmanpb@cpanel.net
2020,Villeurbanne,Karim,Shepstone,Js,hshepstonepe@usa.gov
2014,Villeurbanne,Tony,Gallaher,Python,ggallaherph@reuters.com
2009,Charbonnieres,Mia,Huc,Js,fhucpl@mac.com
2016,Charbonnieres,Mia,Weerdenburg,Js,aweerdenburgpr@slideshare.net
2021,Villeurbanne,Karim,Damrell,Js,idamrellpy@skyrock.com
2015,Villeurbanne,Franck,Hardiker,Java,dhardikerpz@amazonaws.com
2014,Charbonnieres,Alexandre,Pattle,Java,ypattleq0@walmart.com
2019,Villeurbanne,Ali,Chadd,PHP,wchaddq8@google.co.jp
2018,Charbonnieres,Mathieu,Pinckney,Js,spinckneyq9@moonfruit.com
2009,Charbonnieres,Adrien,Baversor,Js,lbaversorqb@mozilla.org
2020,Villeurbanne,Alice,Romaint,Js,sromaintqe@cnet.com
2018,Charbonnieres,Catherine,Alston,Js,ealstonqg@symantec.com
2020,Charbonnieres,Philippe,Duell,Js,lduellqi@icq.com
2016,Villeurbanne,David,Beany,PHP,sbeanyqk@wp.com
2012,Villeurbanne,Cedric,Holborn,Python,mholbornqm@gmpg.org
2012,Charbonnieres,Lucas,Sleaford,Python,jsleafordqn@washingtonpost.com
2010,Charbonnieres,Jennifer,Roughey,PHP,rrougheyqo@myspace.com
2017,Charbonnieres,Lena,Romer,Python,bromerqr@mail.ru
2014,Villeurbanne,Loic,Eady,Js,readyqu@sogou.com
2020,Villeurbanne,Kinglsey,Bortolozzi,PHP,lbortolozziqx@csmonitor.com
2020,Villeurbanne,Mathieu,Betton,Python,mbettonr2@google.com.au
2011,Charbonnieres,Iliana,Gadaud,Java,igadaudr6@github.com
2016,Villeurbanne,Veronique,Grinnov,Js,fgrinnovrb@amazon.co.jp
2018,Charbonnieres,Mathieu,Preddy,Java,tpreddyrc@oaic.gov.au
2015,Charbonnieres,Michel,Bellefonte,PHP,mbellefontere@yahoo.com
2018,Villeurbanne,Ali,Danford,Python,fdanfordrg@indiatimes.com
2020,Villeurbanne,Lucas,Casetta,Js,ccasettari@wp.com
2010,Charbonnieres,Loic,Readman,Java,freadmanro@posterous.com
2015,Villeurbanne,Theo,Warricker,PHP,mwarrickerrp@tripadvisor.com
2010,Villeurbanne,Tony,Birtles,PHP,jbirtlesrq@free.fr
